{
    "param_blocks": {
        "blocks_0": {
            "name": "c",
            "dime": 1
        },
        "blocks_1": {
            "name": "ab",
            "dime": 2
        }
    },
    "h_matrix": [
        [
            100.0,
            12694.028428487578,
            -967.3193174309292
        ],
        [
            12694.028428487578,
            3039470.624671279,
            -189852.6252725946
        ],
        [
            -967.3193174309292,
            -189852.6252725946,
            12694.028428487578
        ]
    ],
    "b_vector": [
        0.00030114396592040293,
        0.09006498448889033,
        0.008916952571695447
    ]
}